{
	"IcoMoonType": "selection",
	"icons": [
		{
			"icon": {
				"paths": [
					"M481.6 65.6c-13.6 13.6-12 42.4 2.4 54.4 6.4 5.6 12 23.2 12 40v30.4l-43.2 4.8c-23.2 3.2-64.8 16-92 28.8-135.2 64-208.8 180.8-208.8 331.2 0 105.6 34.4 186.4 112.8 260.8l38.4 36.8-24 24.8c-18.4 18.4-23.2 28.8-19.2 41.6 8 25.6 35.2 20.8 68-11.2l28.8-28.8 32 13.6c50.4 21.6 164.8 24 224.8 4.8l49.6-15.2 26.4 27.2c18.4 19.2 32 26.4 46.4 24.8 28.8-3.2 31.2-36.8 4.8-62.4l-20.8-18.4 47.2-48.8c52-55.2 75.2-95.2 92.8-162.4 33.6-128-4-258.4-100.8-350.4-52-50.4-112.8-80.8-184-94.4-46.4-8.8-47.2-9.6-47.2-36 0-14.4 5.6-35.2 12.8-46.4 19.2-28 4.8-59.2-27.2-59.2-12 0-26.4 4-32 9.6zM630.4 300.8c84 41.6 136.8 112.8 155.2 209.6 7.2 40 6.4 57.6-4.8 103.2-42.4 173.6-225.6 264-385.6 191.2-129.6-59.2-196-213.6-147.2-343.2 32-85.6 99.2-150.4 183.2-177.6 56-17.6 143.2-10.4 199.2 16.8z",
					"M484.8 364c-7.2 19.2-5.6 198.4 1.6 210.4 4.8 7.2 28 9.6 86.4 8 74.4-2.4 79.2-3.2 81.6-20 3.2-24-22.4-36-72.8-33.6l-41.6 2.4-4-87.2c-4-88-4-88-24.8-90.4-13.6-1.6-23.2 2.4-26.4 10.4z",
					"M187.2 91.2c-47.2 21.6-92.8 72-105.6 116-20 64-4 152.8 32 183.2 11.2 8.8 15.2 4.8 30.4-26.4 39.2-81.6 144.8-171.2 236-199.2l44.8-14.4-18.4-20c-10.4-11.2-36-28.8-58.4-39.2-52.8-24.8-107.2-24.8-160.8 0z",
					"M689.6 81.6c-14.4 4.8-41.6 22.4-59.2 38.4l-32.8 28.8 51.2 18.4c96.8 35.2 173.6 100 223.2 188 14.4 24.8 27.2 44.8 28.8 44.8 9.6 0 43.2-73.6 47.2-105.6 11.2-76.8-33.6-164.8-102.4-200-38.4-19.2-116.8-25.6-156-12.8z"
				],
				"attrs": [
					{},
					{},
					{},
					{}
				],
				"grid": 0,
				"tags": [
					"alarma"
				]
			},
			"attrs": [
				{},
				{},
				{},
				{}
			],
			"properties": {
				"order": 1,
				"id": 0,
				"prevSize": 32,
				"code": 2561,
				"name": "alarma",
				"ligatures": ""
			},
			"setIdx": 0,
			"iconIdx": 0
		}
	],
	"height": 1024,
	"metadata": {
		"name": "icomoon"
	},
	"preferences": {
		"fontPref": {
			"prefix": "icon-",
			"metadata": {
				"fontFamily": "icomoon"
			},
			"showGlyphs": true,
			"metrics": {
				"emSize": 512,
				"baseline": 6.25,
				"whitespace": 50
			},
			"resetPoint": 58880,
			"showQuickUse": true,
			"quickUsageToken": false,
			"showMetrics": true,
			"showMetadata": false
		},
		"imagePref": {
			"color": 0,
			"height": 32,
			"columns": 16,
			"margin": 16,
			"png": false,
			"sprites": true
		},
		"historySize": 100,
		"showCodes": true,
		"gridSize": 16,
		"showLiga": false,
		"showGrid": true,
		"showGlyphs": true,
		"showQuickUse": true,
		"search": ""
	}
}